video_id,title,real_topic,cluster
vyEer_SFc3M,"Чернобыль захватили звери, которых не было 1000 лет",Припять/Чернобыль,Чернобыль
qRE5nQ15p0E,"Заповедник страшнее Чернобыля, который скрывали 32 года",Маяк / Озеро Карачай (секретность 1957-1989 = 32 года),Радиоактивные зоны (ТЗ п.7.2 видео #2)
ZkOJ8vKrZzA,"Полигон, где живут лошади. Тайна Семипалатинска",Семипалатинский полигон (Казахстан),Постсоветская ядерка
4uwnkorhxXc,Через сколько лет рухнет последний дом Припяти,Припять,Чернобыль
xqZcaako6_o,"Колыма: кто стал хозяином там, где не выжил человек?",Колыма (Россия),Постсоветское заброшенное
IHjROJiFo3c,Море исчезло за одну жизнь. Что пришло на его место,Аральское море (Казахстан),Постсоветская экокатастрофа
AGdOUblOl1s,"Оружие конца света простояло 40 лет — а спасло тех, кого не спас человек",Ракетные шахты в Украине (НЕ ДМЗ Кореи),Постсоветские военные объекты
olR8WVAr5TY,"Земля, которую открыли по ошибке — и почти никто не смог покорить",Земля Франца-Иосифа,Арктика (Россия)
nVrYVJZOBlo,"Остров, где взорвали самое страшное оружие в истории — и туда всё равно пришёл хозяин",Новая Земля / Царь-бомба (НЕ Бикини),Арктика/постсоветская ядерка
RObXEmfDVV0,"Государство потратило миллиарды, чтобы вернуть людей — а вернулись кабаны",Фукусима (Япония),Мировая ядерка (единственный настоящий тест!)
mcHyhcorjII,Самое опасное место в Чернобыле после реактора,Чернобыль,Чернобыль
(не в CSV, вышло 2026-09-29),Река Припять,Припять/Чернобыль,Чернобыль (нишевое)
(в работе),ДМЗ Кореи,ДМЗ Кореи — минные поля как заповедник,Мировая ядерка (тест #2 после Фукусимы)

# ВАЖНО: Бикини и ДМЗ Кореи из стратегии ЕЩЁ НЕ СНЯТЫ.
# "Остров где взорвали" = Новая Земля (постсоветский объект), не Бикини.
# "Оружие конца света" = шахты в Украине (постсоветский объект), не ДМЗ Кореи.
# Реальный тест "мировой ядерки" (не-СССР) — только Фукусима, один ролик, недостаточно данных для вывода.
